"id","type","division","rank","score","attempts","eventId","teamName","seasonId"
36959406,"driver",,1,188,2,51961,"98060C",181
36959407,"programming",,1,15,1,51961,"98060C",181
36959408,"driver",,2,175,3,51961,"906K",181
36959409,"programming",,2,0,0,51961,"906K",181
36959410,"driver",,3,160,2,51961,"98060A",181
36959411,"programming",,3,0,0,51961,"98060A",181
36959412,"driver",,4,155,3,51961,"98060B",181
36959413,"programming",,4,0,0,51961,"98060B",181
36959414,"driver",,5,139,2,51961,"86666X",181
36959415,"programming",,5,0,0,51961,"86666X",181
36959416,"driver",,6,135,2,51961,"906G",181
36959417,"programming",,6,0,0,51961,"906G",181
36959418,"driver",,7,103,3,51961,"27512A",181
36959419,"programming",,7,0,0,51961,"27512A",181
36959420,"driver",,8,91,3,51961,"95271A",181
36959421,"programming",,8,0,0,51961,"95271A",181
36959422,"driver",,9,77,3,51961,"19320X",181
36959423,"programming",,9,0,2,51961,"19320X",181
36959424,"driver",,10,65,1,51961,"95271B",181
36959425,"programming",,10,0,0,51961,"95271B",181
36959426,"driver",,11,16,3,51961,"906R",181
36959427,"programming",,11,4,1,51961,"906R",181
36959428,"driver",,12,20,2,51961,"906C",181
36959429,"programming",,12,0,0,51961,"906C",181
36959430,"driver",,13,0,1,51961,"93211B",181
36959431,"programming",,13,0,0,51961,"93211B",181
36965482,"driver",,1,128,1,52045,"18501A",181
36965483,"programming",,1,86,1,52045,"18501A",181
36965484,"driver",,2,104,1,52045,"18555B",181
36965485,"programming",,2,107,1,52045,"18555B",181
36965486,"driver",,3,95,1,52045,"11311X",181
36965487,"programming",,3,89,1,52045,"11311X",181
36965488,"driver",,4,99,1,52045,"13800C",181
36965489,"programming",,4,85,1,52045,"13800C",181
36965490,"driver",,5,91,2,52045,"11311Y",181
36965491,"programming",,5,79,2,52045,"11311Y",181
36965492,"driver",,6,122,1,52045,"86666R",181
36965493,"programming",,6,40,1,52045,"86666R",181
36965494,"driver",,7,82,1,52045,"18522S",181
36965495,"programming",,7,78,1,52045,"18522S",181
36965496,"driver",,8,97,1,52045,"13800V",181
36965497,"programming",,8,53,1,52045,"13800V",181
36965498,"driver",,9,60,1,52045,"11311Z",181
36965499,"programming",,9,88,1,52045,"11311Z",181
36965500,"driver",,10,61,1,52045,"57000X",181
36965501,"programming",,10,48,1,52045,"57000X",181
36965502,"driver",,11,43,1,52045,"665Z",181
36965503,"programming",,11,63,1,52045,"665Z",181
36965504,"driver",,12,101,1,52045,"18522E",181
36965505,"programming",,12,0,1,52045,"18522E",181
36965506,"driver",,13,58,2,52045,"7756A",181
36965507,"programming",,13,41,2,52045,"7756A",181
36965508,"driver",,14,86,1,52045,"7139C",181
36965509,"programming",,14,2,1,52045,"7139C",181
36965510,"driver",,15,42,1,52045,"653R",181
36965511,"programming",,15,42,1,52045,"653R",181
36965512,"driver",,16,72,1,52045,"7139H",181
36965513,"programming",,16,5,1,52045,"7139H",181
36965514,"driver",,17,0,0,52045,"665A",181
36965515,"programming",,17,75,1,52045,"665A",181
36965516,"driver",,18,61,1,52045,"86666X",181
36965517,"programming",,18,4,1,52045,"86666X",181
36965518,"driver",,19,27,1,52045,"18522X",181
36965519,"programming",,19,36,1,52045,"18522X",181
36965520,"driver",,20,60,1,52045,"21028A",181
36965521,"programming",,20,0,1,52045,"21028A",181
36965522,"driver",,21,44,1,52045,"97758A",181
36965523,"programming",,21,2,1,52045,"97758A",181
36965524,"driver",,22,41,1,52045,"50113B",181
36965525,"programming",,22,0,0,52045,"50113B",181
36965526,"driver",,23,8,1,52045,"50113A",181
36965527,"programming",,23,9,1,52045,"50113A",181
36965528,"driver",,1,120,1,52046,"88X",181
36965529,"programming",,1,72,1,52046,"88X",181
36965530,"driver",,2,87,1,52046,"8331A",181
36965531,"programming",,2,91,1,52046,"8331A",181
36965532,"driver",,3,92,1,52046,"88Z",181
36965533,"programming",,3,75,1,52046,"88Z",181
36965534,"driver",,4,108,1,52046,"18522C",181
36965535,"programming",,4,58,1,52046,"18522C",181
36965536,"driver",,5,127,2,52046,"84125A",181
36965537,"programming",,5,39,2,52046,"84125A",181
36965538,"driver",,6,97,1,52046,"11611C",181
36965539,"programming",,6,54,1,52046,"11611C",181
36965540,"driver",,7,65,2,52046,"8331B",181
36965541,"programming",,7,84,2,52046,"8331B",181
36965542,"driver",,8,80,1,52046,"70700A",181
36965543,"programming",,8,64,1,52046,"70700A",181
36965544,"driver",,9,126,1,52046,"18522Y",181
36965545,"programming",,9,0,1,52046,"18522Y",181
36965546,"driver",,10,94,1,52046,"13800Y",181
36965547,"programming",,10,19,1,52046,"13800Y",181
36965548,"driver",,11,62,1,52046,"7937D",181
36965549,"programming",,11,33,1,52046,"7937D",181
36965550,"driver",,12,77,1,52046,"57000Y",181
36965551,"programming",,12,9,1,52046,"57000Y",181
36965552,"driver",,13,52,1,52046,"57000A",181
36965553,"programming",,13,23,1,52046,"57000A",181
36965554,"driver",,14,39,2,52046,"84125B",181
36965555,"programming",,14,5,2,52046,"84125B",181
36965556,"driver",,15,36,1,52046,"12315A",181
36965557,"programming",,15,5,1,52046,"12315A",181
36963828,"driver",,1,142,2,52236,"8193B",181
36963829,"programming",,1,135,1,52236,"8193B",181
36963830,"driver",,2,133,1,52236,"61114X",181
36963831,"programming",,2,138,3,52236,"61114X",181
36963832,"driver",,3,146,2,52236,"56789S",181
36963833,"programming",,3,102,1,52236,"56789S",181
36963834,"driver",,4,144,2,52236,"8193D",181
36963835,"programming",,4,100,3,52236,"8193D",181
36963836,"driver",,5,130,2,52236,"8193A",181
36963837,"programming",,5,113,3,52236,"8193A",181
36963838,"driver",,6,124,3,52236,"8193C",181
36963839,"programming",,6,99,1,52236,"8193C",181
36963840,"driver",,7,113,3,52236,"68868B",181
36963841,"programming",,7,102,2,52236,"68868B",181
36963842,"driver",,8,101,3,52236,"4275A",181
36963843,"programming",,8,97,2,52236,"4275A",181
36963844,"driver",,9,115,1,52236,"56666A",181
36963845,"programming",,9,78,1,52236,"56666A",181
36963846,"driver",,10,78,1,52236,"13258A",181
36963847,"programming",,10,58,1,52236,"13258A",181
36963848,"driver",,11,73,3,52236,"4413A",181
36963849,"programming",,11,40,1,52236,"4413A",181
36963850,"driver",,12,107,2,52236,"54009B",181
36963851,"programming",,12,0,0,52236,"54009B",181
36963852,"driver",,13,107,1,52236,"54003A",181
36963853,"programming",,13,0,0,52236,"54003A",181
36963854,"driver",,14,101,1,52236,"56787K",181
36963855,"programming",,14,0,1,52236,"56787K",181
36963856,"driver",,15,85,1,52236,"86520Y",181
36963857,"programming",,15,0,0,52236,"86520Y",181
36963858,"driver",,16,0,0,52236,"56666H",181
36963859,"programming",,16,83,1,52236,"56666H",181
36963860,"driver",,17,78,1,52236,"76979W",181
36963861,"programming",,17,5,1,52236,"76979W",181
36963862,"driver",,18,69,2,52236,"50009Y",181
36963863,"programming",,18,0,0,52236,"50009Y",181
36963864,"driver",,19,67,1,52236,"66631H",181
36963865,"programming",,19,0,0,52236,"66631H",181
36963866,"driver",,20,63,3,52236,"27512B",181
36963867,"programming",,20,0,0,52236,"27512B",181
36963868,"driver",,21,62,2,52236,"27512A",181
36963869,"programming",,21,0,0,52236,"27512A",181
36963870,"driver",,22,61,1,52236,"54001B",181
36963871,"programming",,22,0,0,52236,"54001B",181
36963872,"driver",,23,61,1,52236,"60606X",181
36963873,"programming",,23,0,0,52236,"60606X",181
36963874,"driver",,24,61,1,52236,"71030A",181
36963875,"programming",,24,0,0,52236,"71030A",181
36963876,"driver",,25,44,1,52236,"80088A",181
36963877,"programming",,25,0,0,52236,"80088A",181
36963878,"driver",,26,37,1,52236,"18190C",181
36963879,"programming",,26,0,0,52236,"18190C",181
36963880,"driver",,27,30,1,52236,"5864E",181
36963881,"programming",,27,0,0,52236,"5864E",181
36963882,"driver",,28,24,1,52236,"18345A",181
36963883,"programming",,28,0,0,52236,"18345A",181
36963884,"driver",,29,12,1,52236,"68424D",181
36963885,"programming",,29,0,0,52236,"68424D",181
36959594,"driver",,1,137,3,52238,"60066S",181
36959595,"programming",,1,120,3,52238,"60066S",181
36959596,"driver",,2,147,3,52238,"9698B",181
36959597,"programming",,2,107,3,52238,"9698B",181
36959598,"driver",,3,104,3,52238,"54001Z",181
36959599,"programming",,3,112,1,52238,"54001Z",181
36959600,"driver",,4,106,1,52238,"9698V",181
36959601,"programming",,4,89,1,52238,"9698V",181
36959602,"driver",,5,95,3,52238,"4815A",181
36959603,"programming",,5,98,3,52238,"4815A",181
36959604,"driver",,6,76,2,52238,"18190A",181
36959605,"programming",,6,98,3,52238,"18190A",181
36959606,"driver",,7,63,1,52238,"5868G",181
36959607,"programming",,7,76,2,52238,"5868G",181
36959608,"driver",,8,84,3,52238,"68424A",181
36959609,"programming",,8,49,3,52238,"68424A",181
36959610,"driver",,9,116,1,52238,"999D",181
36959611,"programming",,9,0,0,52238,"999D",181
36959612,"driver",,10,88,1,52238,"9416U",181
36959613,"programming",,10,0,0,52238,"9416U",181
36959614,"driver",,11,77,1,52238,"54001A",181
36959615,"programming",,11,0,0,52238,"54001A",181
36959616,"driver",,12,68,2,52238,"10368A",181
36959617,"programming",,12,0,0,52238,"10368A",181
36959618,"driver",,13,68,2,52238,"95271A",181
36959619,"programming",,13,0,0,52238,"95271A",181
36959620,"driver",,14,66,1,52238,"18190B",181
36959621,"programming",,14,0,0,52238,"18190B",181
36959622,"driver",,15,0,0,52238,"71030H",181
36959623,"programming",,15,60,1,52238,"71030H",181
36959624,"driver",,16,53,1,52238,"16007A",181
36959625,"programming",,16,0,0,52238,"16007A",181
36959626,"driver",,17,42,1,52238,"71467A",181
36959627,"programming",,17,0,0,52238,"71467A",181
36959628,"driver",,18,19,1,52238,"25353A",181
36959629,"programming",,18,0,0,52238,"25353A",181
36959630,"driver",,19,0,0,52238,"9698W",181
36959631,"programming",,19,4,1,52238,"9698W",181
36965320,"driver",,1,132,2,52050,"18501A",181
36965321,"programming",,1,121,3,52050,"18501A",181
36965322,"driver",,2,145,3,52050,"18522S",181
36965323,"programming",,2,99,3,52050,"18522S",181
36965324,"driver",,3,131,2,52050,"13800C",181
36965325,"programming",,3,87,2,52050,"13800C",181
36965326,"driver",,4,107,3,52050,"9123A",181
36965327,"programming",,4,110,3,52050,"9123A",181
36965328,"driver",,5,122,2,52050,"91233B",181
36965329,"programming",,5,95,1,52050,"91233B",181
36965330,"driver",,6,113,3,52050,"3219B",181
36965331,"programming",,6,101,3,52050,"3219B",181
36965332,"driver",,7,103,3,52050,"761A",181
36965333,"programming",,7,103,3,52050,"761A",181
36965334,"driver",,8,126,3,52050,"88825A",181
36965335,"programming",,8,75,3,52050,"88825A",181
36965336,"driver",,9,109,3,52050,"3793C",181
36965337,"programming",,9,87,3,52050,"3793C",181
36965338,"driver",,10,105,2,52050,"18522W",181
36965339,"programming",,10,86,2,52050,"18522W",181
36965340,"driver",,11,109,3,52050,"3793D",181
36965341,"programming",,11,82,3,52050,"3793D",181
36965342,"driver",,12,105,2,52050,"9123Y",181
36965343,"programming",,12,77,1,52050,"9123Y",181
36965344,"driver",,13,84,3,52050,"99788A",181
36965345,"programming",,13,95,3,52050,"99788A",181
36965346,"driver",,14,64,1,52050,"665A",181
36965347,"programming",,14,56,1,52050,"665A",181
36965348,"driver",,15,118,2,52050,"3219A",181
36965349,"programming",,15,0,1,52050,"3219A",181
36965350,"driver",,16,90,2,52050,"21102A",181
36965351,"programming",,16,24,2,52050,"21102A",181
36965352,"driver",,17,112,1,52050,"18522Z",181
36965353,"programming",,17,0,0,52050,"18522Z",181
36965354,"driver",,18,46,2,52050,"3793A",181
36965355,"programming",,18,65,1,52050,"3793A",181
36965356,"driver",,19,55,3,52050,"3793B",181
36965357,"programming",,19,54,3,52050,"3793B",181
36965358,"driver",,20,98,2,52050,"906A",181
36965359,"programming",,20,2,2,52050,"906A",181
36965360,"driver",,21,86,3,52050,"857Y",181
36965361,"programming",,21,9,3,52050,"857Y",181
36965362,"driver",,22,88,2,52050,"91233A",181
36965363,"programming",,22,0,0,52050,"91233A",181
36965364,"driver",,23,78,1,52050,"18511B",181
36965365,"programming",,23,0,0,52050,"18511B",181
36965366,"driver",,24,76,1,52050,"66631H",181
36965367,"programming",,24,0,0,52050,"66631H",181
36965368,"driver",,25,63,3,52050,"60818C",181
36965369,"programming",,25,6,1,52050,"60818C",181
36965370,"driver",,26,66,1,52050,"8032A",181
36965371,"programming",,26,0,0,52050,"8032A",181
36965372,"driver",,27,63,3,52050,"60818B",181
36965373,"programming",,27,0,0,52050,"60818B",181
36965374,"driver",,28,57,1,52050,"3219C",181
36965375,"programming",,28,0,0,52050,"3219C",181
36965376,"driver",,29,40,1,52050,"7588C",181
36965377,"programming",,29,0,0,52050,"7588C",181
36965378,"driver",,30,38,1,52050,"7588B",181
36965379,"programming",,30,0,0,52050,"7588B",181
36965380,"driver",,31,16,2,52050,"3219D",181
36965381,"programming",,31,18,2,52050,"3219D",181
36965382,"driver",,32,0,0,52050,"91233Y",181
36965383,"programming",,32,4,1,52050,"91233Y",181
36965384,"driver",,1,143,3,52051,"81988E",181
36965385,"programming",,1,156,2,52051,"81988E",181
36965386,"driver",,2,151,3,52051,"28666A",181
36965387,"programming",,2,136,3,52051,"28666A",181
36965388,"driver",,3,144,3,52051,"18522R",181
36965389,"programming",,3,107,3,52051,"18522R",181
36965390,"driver",,4,139,1,52051,"28666B",181
36965391,"programming",,4,108,2,52051,"28666B",181
36965392,"driver",,5,136,3,52051,"74000M",181
36965393,"programming",,5,104,3,52051,"74000M",181
36965394,"driver",,6,121,2,52051,"9123W",181
36965395,"programming",,6,116,3,52051,"9123W",181
36965396,"driver",,7,128,3,52051,"7925B",181
36965397,"programming",,7,98,3,52051,"7925B",181
36965398,"driver",,8,128,2,52051,"7925X",181
36965399,"programming",,8,96,3,52051,"7925X",181
36965400,"driver",,9,122,2,52051,"18522Y",181
36965401,"programming",,9,99,3,52051,"18522Y",181
36965402,"driver",,10,109,3,52051,"9123C",181
36965403,"programming",,10,111,3,52051,"9123C",181
36965404,"driver",,11,117,1,52051,"9123D",181
36965405,"programming",,11,82,1,52051,"9123D",181
36965406,"driver",,12,100,3,52051,"906R",181
36965407,"programming",,12,93,3,52051,"906R",181
36965408,"driver",,13,92,3,52051,"74000V",181
36965409,"programming",,13,93,3,52051,"74000V",181
36965410,"driver",,14,62,2,52051,"8223A",181
36965411,"programming",,14,57,2,52051,"8223A",181
36965412,"driver",,15,90,1,52051,"88X",181
36965413,"programming",,15,0,0,52051,"88X",181
36965414,"driver",,16,79,1,52051,"10725R",181
36965415,"programming",,16,0,0,52051,"10725R",181
36965416,"driver",,17,47,1,52051,"66866A",181
36965417,"programming",,17,0,0,52051,"66866A",181
36965418,"driver",,18,35,1,52051,"36832A",181
36965419,"programming",,18,6,2,52051,"36832A",181
36965420,"driver",,19,31,1,52051,"51121E",181
36965421,"programming",,19,5,2,52051,"51121E",181
36965422,"driver",,20,22,1,52051,"66866B",181
36965423,"programming",,20,0,0,52051,"66866B",181
36965424,"driver",,21,0,0,52051,"94815B",181
36965425,"programming",,21,2,1,52051,"94815B",181
36963082,"driver",,1,161,1,52229,"54001Z",181
36963083,"programming",,1,150,2,52229,"54001Z",181
36963084,"driver",,2,111,3,52229,"54001B",181
36963085,"programming",,2,131,1,52229,"54001B",181
36963086,"driver",,3,128,1,52229,"54009B",181
36963087,"programming",,3,81,1,52229,"54009B",181
36963088,"driver",,4,92,1,52229,"7258B",181
36963089,"programming",,4,0,0,52229,"7258B",181
36963090,"driver",,5,89,1,52229,"13145A",181
36963091,"programming",,5,0,0,52229,"13145A",181
36963092,"driver",,6,87,3,52229,"13141B",181
36963093,"programming",,6,0,0,52229,"13141B",181
36963094,"driver",,7,84,1,52229,"692R",181
36963095,"programming",,7,0,0,52229,"692R",181
36963096,"driver",,8,49,3,52229,"77749B",181
36963097,"programming",,8,0,0,52229,"77749B",181
36963098,"driver",,9,36,1,52229,"79001A",181
36963099,"programming",,9,0,0,52229,"79001A",181
36963100,"driver",,10,31,3,52229,"77749A",181
36963101,"programming",,10,0,0,52229,"77749A",181
36963102,"driver",,11,18,3,52229,"68086A",181
36963103,"programming",,11,5,1,52229,"68086A",181
37038234,"driver",,1,142,3,53375,"56666E",181
37038235,"programming",,1,107,1,53375,"56666E",181
37038236,"driver",,2,143,2,53375,"56666H",181
37038237,"programming",,2,91,3,53375,"56666H",181
37038238,"driver",,3,131,3,53375,"56666A",181
37038239,"programming",,3,102,3,53375,"56666A",181
37038240,"driver",,4,114,3,53375,"61114X",181
37038241,"programming",,4,114,3,53375,"61114X",181
37038242,"driver",,5,109,2,53375,"4275H",181
37038243,"programming",,5,104,2,53375,"4275H",181
37038244,"driver",,6,106,3,53375,"56789S",181
37038245,"programming",,6,76,3,53375,"56789S",181
37038246,"driver",,7,109,3,53375,"906Y",181
37038247,"programming",,7,72,1,53375,"906Y",181
37038248,"driver",,8,95,2,53375,"56789D",181
37038249,"programming",,8,81,3,53375,"56789D",181
37038250,"driver",,9,101,1,53375,"60800A",181
37038251,"programming",,9,71,1,53375,"60800A",181
37038252,"driver",,10,141,1,53375,"80088A",181
37038253,"programming",,10,24,1,53375,"80088A",181
37038254,"driver",,11,94,2,53375,"906C",181
37038255,"programming",,11,55,1,53375,"906C",181
37038256,"driver",,12,70,2,53375,"5868E",181
37038257,"programming",,12,74,1,53375,"5868E",181
37038258,"driver",,13,110,2,53375,"56789A",181
37038259,"programming",,13,30,1,53375,"56789A",181
37038260,"driver",,14,109,1,53375,"80088C",181
37038261,"programming",,14,24,1,53375,"80088C",181
37038262,"driver",,15,98,1,53375,"5864E",181
37038263,"programming",,15,10,3,53375,"5864E",181
37038264,"driver",,16,99,2,53375,"56787K",181
37038265,"programming",,16,2,1,53375,"56787K",181
37038266,"driver",,17,93,2,53375,"70030A",181
37038267,"programming",,17,0,0,53375,"70030A",181
37038268,"driver",,18,91,3,53375,"906G",181
37038269,"programming",,18,0,0,53375,"906G",181
37038270,"driver",,19,83,1,53375,"4413A",181
37038271,"programming",,19,0,0,53375,"4413A",181
37038272,"driver",,20,45,1,53375,"71467F",181
37038273,"programming",,20,34,1,53375,"71467F",181
37038274,"driver",,21,43,1,53375,"5868D",181
37038275,"programming",,21,34,1,53375,"5868D",181
37038276,"driver",,22,72,3,53375,"906B",181
37038277,"programming",,22,0,0,53375,"906B",181
37038278,"driver",,23,70,2,53375,"4413U",181
37038279,"programming",,23,0,0,53375,"4413U",181
37038280,"driver",,24,70,1,53375,"71030A",181
37038281,"programming",,24,0,0,53375,"71030A",181
37038282,"driver",,25,65,3,53375,"56789Z",181
37038283,"programming",,25,0,0,53375,"56789Z",181
37038284,"driver",,26,47,2,53375,"50009Y",181
37038285,"programming",,26,0,0,53375,"50009Y",181
37038286,"driver",,27,0,1,53375,"18185A",181
37038287,"programming",,27,0,0,53375,"18185A",181
37038288,"driver",,1,170,3,53376,"28666C",181
37038289,"programming",,1,164,3,53376,"28666C",181
37038290,"driver",,2,169,3,53376,"9698B",181
37038291,"programming",,2,151,3,53376,"9698B",181
37038292,"driver",,3,152,3,53376,"988Y",181
37038293,"programming",,3,136,3,53376,"988Y",181
37038294,"driver",,4,163,3,53376,"28666D",181
37038295,"programming",,4,125,3,53376,"28666D",181
37038296,"driver",,5,144,3,53376,"9698V",181
37038297,"programming",,5,128,3,53376,"9698V",181
37038298,"driver",,6,136,3,53376,"18190A",181
37038299,"programming",,6,110,3,53376,"18190A",181
37038300,"driver",,7,151,3,53376,"5864D",181
37038301,"programming",,7,86,3,53376,"5864D",181
37038302,"driver",,8,150,2,53376,"5864B",181
37038303,"programming",,8,84,1,53376,"5864B",181
37038304,"driver",,9,120,3,53376,"9698S",181
37038305,"programming",,9,113,3,53376,"9698S",181
37038306,"driver",,10,117,3,53376,"18190X",181
37038307,"programming",,10,99,2,53376,"18190X",181
37038308,"driver",,11,125,2,53376,"63936A",181
37038309,"programming",,11,80,1,53376,"63936A",181
37038310,"driver",,12,129,2,53376,"9416U",181
37038311,"programming",,12,75,1,53376,"9416U",181
37038312,"driver",,13,123,1,53376,"71030H",181
37038313,"programming",,13,74,1,53376,"71030H",181
37038314,"driver",,14,96,1,53376,"78857C",181
37038315,"programming",,14,92,2,53376,"78857C",181
37038316,"driver",,15,109,1,53376,"78857A",181
37038317,"programming",,15,78,1,53376,"78857A",181
37038318,"driver",,16,78,3,53376,"19320X",181
37038319,"programming",,16,93,1,53376,"19320X",181
37038320,"driver",,17,95,1,53376,"63936B",181
37038321,"programming",,17,73,1,53376,"63936B",181
37038322,"driver",,18,128,1,53376,"71113X",181
37038323,"programming",,18,29,2,53376,"71113X",181
37038324,"driver",,19,137,2,53376,"5864C",181
37038325,"programming",,19,6,1,53376,"5864C",181
37038326,"driver",,20,60,3,53376,"63936C",181
37038327,"programming",,20,76,2,53376,"63936C",181
37038328,"driver",,21,66,1,53376,"71345K",181
37038329,"programming",,21,69,1,53376,"71345K",181
37038330,"driver",,22,96,2,53376,"28666A",181
37038331,"programming",,22,0,0,53376,"28666A",181
37038332,"driver",,23,83,1,53376,"96666B",181
37038333,"programming",,23,0,0,53376,"96666B",181
37038334,"driver",,24,71,1,53376,"5868G",181
37038335,"programming",,24,8,1,53376,"5868G",181
37038336,"driver",,25,75,1,53376,"19320Z",181
37038337,"programming",,25,0,0,53376,"19320Z",181
37038338,"driver",,26,70,1,53376,"92972A",181
37038339,"programming",,26,0,0,53376,"92972A",181
37038340,"driver",,27,65,2,53376,"18190D",181
37038341,"programming",,27,0,0,53376,"18190D",181
37038342,"driver",,28,55,1,53376,"70030B",181
37038343,"programming",,28,0,0,53376,"70030B",181
37038344,"driver",,29,34,1,53376,"18190B",181
37038345,"programming",,29,0,0,53376,"18190B",181
37015180,"driver",,1,141,2,53282,"96626A",181
37015181,"programming",,1,97,1,53282,"96626A",181
37015182,"driver",,2,134,3,53282,"55295A",181
37015183,"programming",,2,96,3,53282,"55295A",181
37015184,"driver",,3,129,3,53282,"58859A",181
37015185,"programming",,3,98,3,53282,"58859A",181
37015186,"driver",,4,97,3,53282,"860A",181
37015187,"programming",,4,90,2,53282,"860A",181
37015188,"driver",,5,99,2,53282,"17996B",181
37015189,"programming",,5,72,2,53282,"17996B",181
37015190,"driver",,6,78,3,53282,"17996Z",181
37015191,"programming",,6,65,1,53282,"17996Z",181
37015192,"driver",,7,90,3,53282,"84125A",181
37015193,"programming",,7,0,0,53282,"84125A",181
37015194,"driver",,8,82,1,53282,"19896A",181
37015195,"programming",,8,0,0,53282,"19896A",181
37015196,"driver",,9,49,1,53282,"19896Y",181
37015197,"programming",,9,12,2,53282,"19896Y",181
37015198,"driver",,10,54,2,53282,"12681S",181
37015199,"programming",,10,0,0,53282,"12681S",181
40152006,"driver",,1,175,3,53603,"9123A",181
40152007,"programming",,1,131,1,53603,"9123A",181
40152008,"driver",,2,162,2,53603,"8193B",181
40152009,"programming",,2,123,2,53603,"8193B",181
40152010,"driver",,3,149,3,53603,"8192A",181
40152011,"programming",,3,129,3,53603,"8192A",181
40152012,"driver",,4,139,2,53603,"88825A",181
40152013,"programming",,4,118,3,53603,"88825A",181
40152014,"driver",,5,150,3,53603,"8193A",181
40152015,"programming",,5,106,3,53603,"8193A",181
40152016,"driver",,6,130,2,53603,"8193C",181
40152017,"programming",,6,123,1,53603,"8193C",181
40152018,"driver",,7,130,1,53603,"8192C",181
40152019,"programming",,7,89,2,53603,"8192C",181
40152020,"driver",,8,121,2,53603,"3219A",181
40152021,"programming",,8,97,2,53603,"3219A",181
40152022,"driver",,9,104,1,53603,"9123Y",181
40152023,"programming",,9,44,1,53603,"9123Y",181
40152024,"driver",,10,128,2,53603,"8192B",181
40152025,"programming",,10,0,0,53603,"8192B",181
40152026,"driver",,11,84,2,53603,"3793C",181
40152027,"programming",,11,24,1,53603,"3793C",181
40152028,"driver",,12,108,3,53603,"9123G",181
40152029,"programming",,12,0,0,53603,"9123G",181
40152030,"driver",,13,96,1,53603,"8193D",181
40152031,"programming",,13,0,0,53603,"8193D",181
40152032,"driver",,14,95,2,53603,"98060A",181
40152033,"programming",,14,0,0,53603,"98060A",181
40152034,"driver",,15,95,1,53603,"88825D",181
40152035,"programming",,15,0,0,53603,"88825D",181
40152036,"driver",,16,84,1,53603,"9123K",181
40152037,"programming",,16,0,0,53603,"9123K",181
40152038,"driver",,17,0,0,53603,"3793B",181
40152039,"programming",,17,73,1,53603,"3793B",181
40152040,"driver",,18,69,1,53603,"91233S",181
40152041,"programming",,18,0,0,53603,"91233S",181
40152042,"driver",,19,67,1,53603,"3219D",181
40152043,"programming",,19,0,0,53603,"3219D",181
40152044,"driver",,20,65,1,53603,"1796B",181
40152045,"programming",,20,0,0,53603,"1796B",181
40152046,"driver",,1,178,2,53604,"9123W",181
40152047,"programming",,1,145,3,53604,"9123W",181
40152048,"driver",,2,178,3,53604,"81988D",181
40152049,"programming",,2,135,3,53604,"81988D",181
40152050,"driver",,3,170,3,53604,"9123C",181
40152051,"programming",,3,116,3,53604,"9123C",181
40152052,"driver",,4,142,1,53604,"9123X",181
40152053,"programming",,4,128,1,53604,"9123X",181
40152054,"driver",,5,126,1,53604,"546A",181
40152055,"programming",,5,129,2,53604,"546A",181
40152056,"driver",,6,131,3,53604,"81988E",181
40152057,"programming",,6,112,2,53604,"81988E",181
40152058,"driver",,7,123,1,53604,"9123D",181
40152059,"programming",,7,0,0,53604,"9123D",181
40152060,"driver",,8,103,2,53604,"98060C",181
40152061,"programming",,8,16,1,53604,"98060C",181
40152062,"driver",,9,95,2,53604,"51121E",181
40152063,"programming",,9,0,0,53604,"51121E",181
40152064,"driver",,10,80,2,53604,"69999Y",181
40152065,"programming",,10,0,0,53604,"69999Y",181
40152066,"driver",,11,80,1,53604,"69999X",181
40152067,"programming",,11,0,0,53604,"69999X",181
40152068,"driver",,12,61,1,53604,"7925S",181
40152069,"programming",,12,0,0,53604,"7925S",181
40152070,"driver",,13,59,1,53604,"1038A",181
40152071,"programming",,13,0,0,53604,"1038A",181
40152072,"driver",,14,52,3,53604,"25353A",181
40152073,"programming",,14,0,0,53604,"25353A",181
40152074,"driver",,15,0,0,53604,"7925B",181
40152075,"programming",,15,0,1,53604,"7925B",181
37403774,"driver",,1,180,2,53547,"18555B",181
37403775,"programming",,1,179,1,53547,"18555B",181
37403776,"driver",,2,176,3,53547,"8223A",181
37403777,"programming",,2,177,2,53547,"8223A",181
37403778,"driver",,3,184,3,53547,"1825A",181
37403779,"programming",,3,130,3,53547,"1825A",181
37403780,"driver",,4,178,1,53547,"18501A",181
37403781,"programming",,4,127,1,53547,"18501A",181
37403782,"driver",,5,167,1,53547,"18522S",181
37403783,"programming",,5,110,2,53547,"18522S",181
37403784,"driver",,6,139,2,53547,"77761F",181
37403785,"programming",,6,129,1,53547,"77761F",181
37403786,"driver",,7,149,2,53547,"7258B",181
37403787,"programming",,7,99,2,53547,"7258B",181
37403788,"driver",,8,125,1,53547,"18522D",181
37403789,"programming",,8,85,1,53547,"18522D",181
37403790,"driver",,9,112,3,53547,"57000X",181
37403791,"programming",,9,92,1,53547,"57000X",181
37403792,"driver",,10,110,2,53547,"7258Y",181
37403793,"programming",,10,90,2,53547,"7258Y",181
37403794,"driver",,11,97,2,53547,"18526Z",181
37403795,"programming",,11,97,2,53547,"18526Z",181
37403796,"driver",,12,83,3,53547,"55777B",181
37403797,"programming",,12,97,3,53547,"55777B",181
37403798,"driver",,13,86,1,53547,"57000Z",181
37403799,"programming",,13,52,1,53547,"57000Z",181
37403800,"driver",,14,137,1,53547,"8223C",181
37403801,"programming",,14,0,0,53547,"8223C",181
37403802,"driver",,15,114,3,53547,"77761E",181
37403803,"programming",,15,0,0,53547,"77761E",181
37403804,"driver",,16,107,2,53547,"57000Y",181
37403805,"programming",,16,0,0,53547,"57000Y",181
37403806,"driver",,17,89,2,53547,"7505A",181
37403807,"programming",,17,0,0,53547,"7505A",181
37403808,"driver",,18,80,3,53547,"68086A",181
37403809,"programming",,18,5,3,53547,"68086A",181
37403810,"driver",,19,82,1,53547,"7258D",181
37403811,"programming",,19,0,0,53547,"7258D",181
37403812,"driver",,20,80,2,53547,"8223X",181
37403813,"programming",,20,0,0,53547,"8223X",181
37403814,"driver",,21,79,3,53547,"57000S",181
37403815,"programming",,21,0,0,53547,"57000S",181
37403816,"driver",,22,73,1,53547,"77761D",181
37403817,"programming",,22,0,0,53547,"77761D",181
37403818,"driver",,23,71,3,53547,"8223B",181
37403819,"programming",,23,0,0,53547,"8223B",181
37403820,"driver",,24,65,2,53547,"71666A",181
37403821,"programming",,24,0,0,53547,"71666A",181
37403822,"driver",,25,60,1,53547,"12366B",181
37403823,"programming",,25,0,0,53547,"12366B",181
37403824,"driver",,26,51,1,53547,"18599T",181
37403825,"programming",,26,6,1,53547,"18599T",181
37227040,"driver",,1,170,1,54349,"25836A",181
37227041,"programming",,1,80,1,54349,"25836A",181
37227042,"driver",,2,175,2,54349,"18190B",181
37227043,"programming",,2,0,0,54349,"18190B",181
37227044,"driver",,3,174,3,54349,"95271A",181
37227045,"programming",,3,0,0,54349,"95271A",181
37227046,"driver",,4,164,2,54349,"68762F",181
37227047,"programming",,4,0,0,54349,"68762F",181
37227048,"driver",,5,157,2,54349,"88518J",181
37227049,"programming",,5,0,0,54349,"88518J",181
37227050,"driver",,6,150,2,54349,"95271B",181
37227051,"programming",,6,0,0,54349,"95271B",181
37227052,"driver",,7,150,1,54349,"95273A",181
37227053,"programming",,7,0,0,54349,"95273A",181
37227054,"driver",,8,140,1,54349,"25836B",181
37227055,"programming",,8,0,1,54349,"25836B",181
37227056,"driver",,9,125,1,54349,"906G",181
37227057,"programming",,9,0,0,54349,"906G",181
37227058,"driver",,10,107,2,54349,"5868D",181
37227059,"programming",,10,0,0,54349,"5868D",181
37227060,"driver",,11,99,2,54349,"18190X",181
37227061,"programming",,11,0,0,54349,"18190X",181
37227062,"driver",,12,90,2,54349,"95271C",181
37227063,"programming",,12,0,0,54349,"95271C",181
37227064,"driver",,13,89,1,54349,"653R",181
37227065,"programming",,13,0,0,54349,"653R",181
37227066,"driver",,14,75,2,54349,"906A",181
37227067,"programming",,14,0,0,54349,"906A",181
37670904,"driver",,1,122,2,54201,"33770A",181
37670905,"programming",,1,55,2,54201,"33770A",181
37670906,"driver",,2,114,2,54201,"69175A",181
37670907,"programming",,2,54,2,54201,"69175A",181
37670908,"driver",,3,81,2,54201,"54005A",181
37670909,"programming",,3,56,2,54201,"54005A",181
37670910,"driver",,4,72,2,54201,"141C",181
37670911,"programming",,4,36,2,54201,"141C",181
37670912,"driver",,5,52,2,54201,"141A",181
37670913,"programming",,5,55,2,54201,"141A",181
37670914,"driver",,6,60,2,54201,"39372A",181
37670915,"programming",,6,47,2,54201,"39372A",181
37670916,"driver",,7,69,2,54201,"141B",181
37670917,"programming",,7,38,2,54201,"141B",181
37670918,"driver",,8,61,2,54201,"141D",181
37670919,"programming",,8,44,2,54201,"141D",181
37670920,"driver",,9,48,2,54201,"12812Z",181
37670921,"programming",,9,54,2,54201,"12812Z",181
37670922,"driver",,10,95,2,54201,"54008A",181
37670923,"programming",,10,0,2,54201,"54008A",181
37670924,"driver",,11,51,2,54201,"67190A",181
37670925,"programming",,11,43,2,54201,"67190A",181
37670926,"driver",,12,57,2,54201,"141E",181
37670927,"programming",,12,36,2,54201,"141E",181
37670928,"driver",,13,51,2,54201,"1388T",181
37670929,"programming",,13,40,2,54201,"1388T",181
37670930,"driver",,14,51,2,54201,"39372B",181
37670931,"programming",,14,35,2,54201,"39372B",181
37670932,"driver",,15,84,2,54201,"54009A",181
37670933,"programming",,15,0,2,54201,"54009A",181
37670934,"driver",,16,76,2,54201,"54003A",181
37670935,"programming",,16,0,2,54201,"54003A",181
37670936,"driver",,17,70,1,54201,"54009B",181
37670937,"programming",,17,0,1,54201,"54009B",181
37670938,"driver",,18,65,1,54201,"51596A",181
37670939,"programming",,18,0,1,54201,"51596A",181
37670940,"driver",,19,64,1,54201,"13142A",181
37670941,"programming",,19,0,1,54201,"13142A",181
37670942,"driver",,20,61,1,54201,"54006Z",181
37670943,"programming",,20,0,1,54201,"54006Z",181
37670944,"driver",,21,59,2,54201,"51596B",181
37670945,"programming",,21,0,2,54201,"51596B",181
37670946,"driver",,22,59,1,54201,"13145B",181
37670947,"programming",,22,0,1,54201,"13145B",181
37670948,"driver",,22,59,1,54201,"13145A",181
37670949,"programming",,22,0,1,54201,"13145A",181
37670950,"driver",,24,53,2,54201,"54005Z",181
37670951,"programming",,24,0,2,54201,"54005Z",181
37670952,"driver",,1,147,2,54202,"54001Y",181
37670953,"programming",,1,128,2,54202,"54001Y",181
37670954,"driver",,2,144,2,54202,"291J",181
37670955,"programming",,2,122,2,54202,"291J",181
37670956,"driver",,3,138,2,54202,"3283R",181
37670957,"programming",,3,122,2,54202,"3283R",181
37670958,"driver",,4,136,2,54202,"54001Z",181
37670959,"programming",,4,71,2,54202,"54001Z",181
37670960,"driver",,5,114,2,54202,"291V",181
37670961,"programming",,5,46,2,54202,"291V",181
37670962,"driver",,6,80,1,54202,"74000P",181
37670963,"programming",,6,75,1,54202,"74000P",181
37670964,"driver",,7,99,3,54202,"74000S",181
37670965,"programming",,7,49,1,54202,"74000S",181
37670966,"driver",,8,55,1,54202,"1699Y",181
37670967,"programming",,8,84,1,54202,"1699Y",181
37670968,"driver",,9,83,1,54202,"28S",181
37670969,"programming",,9,0,0,54202,"28S",181
37670970,"driver",,10,77,2,54202,"74000M",181
37670971,"programming",,10,4,2,54202,"74000M",181
37670972,"driver",,11,34,2,54202,"291S",181
37670973,"programming",,11,12,2,54202,"291S",181
37670974,"driver",,12,25,1,54202,"492X",181
37670975,"programming",,12,0,0,54202,"492X",181
38257892,"driver",,1,208,3,54625,"56932A",181
38257893,"programming",,1,162,3,54625,"56932A",181
38257894,"driver",,2,177,1,54625,"80811A",181
38257895,"programming",,2,144,1,54625,"80811A",181
38257896,"driver",,3,185,1,54625,"47998A",181
38257897,"programming",,3,130,1,54625,"47998A",181
38257898,"driver",,4,192,1,54625,"33770F",181
38257899,"programming",,4,121,1,54625,"33770F",181
38257900,"driver",,5,171,1,54625,"80811B",181
38257901,"programming",,5,107,1,54625,"80811B",181
38257902,"driver",,6,90,3,54625,"33770A",181
38257903,"programming",,6,118,2,54625,"33770A",181
38257904,"driver",,7,119,2,54625,"39372A",181
38257905,"programming",,7,89,1,54625,"39372A",181
38257906,"driver",,8,130,2,54625,"67190A",181
38257907,"programming",,8,56,2,54625,"67190A",181
38257908,"driver",,9,88,1,54625,"16595A",181
38257909,"programming",,9,97,1,54625,"16595A",181
38257910,"driver",,10,157,2,54625,"99267S",181
38257911,"programming",,10,0,0,54625,"99267S",181
38257912,"driver",,11,123,2,54625,"95256A",181
38257913,"programming",,11,0,0,54625,"95256A",181
38257914,"driver",,12,37,3,54625,"69175A",181
38257915,"programming",,12,43,3,54625,"69175A",181
38257916,"driver",,13,37,1,54625,"59368A",181
38257917,"programming",,13,34,1,54625,"59368A",181
38257918,"driver",,14,0,0,54625,"23896D",181
38257919,"programming",,14,58,1,54625,"23896D",181
37893226,"driver",,1,201,3,54345,"13800C",181
37893227,"programming",,1,164,3,54345,"13800C",181
37893228,"driver",,2,186,3,54345,"9123A",181
37893229,"programming",,2,145,2,54345,"9123A",181
37893230,"driver",,3,163,3,54345,"3219A",181
37893231,"programming",,3,161,3,54345,"3219A",181
37893232,"driver",,4,178,3,54345,"13800Z",181
37893233,"programming",,4,133,3,54345,"13800Z",181
37893234,"driver",,5,160,1,54345,"9123Y",181
37893235,"programming",,5,92,1,54345,"9123Y",181
37893236,"driver",,6,151,1,54345,"88825A",181
37893237,"programming",,6,69,2,54345,"88825A",181
37893238,"driver",,7,174,2,54345,"88825H",181
37893239,"programming",,7,0,0,54345,"88825H",181
37893240,"driver",,8,88,2,54345,"96626A",181
37893241,"programming",,8,44,1,54345,"96626A",181
37893242,"driver",,9,126,2,54345,"9123H",181
37893243,"programming",,9,0,0,54345,"9123H",181
37893244,"driver",,10,104,3,54345,"91233A",181
37893245,"programming",,10,0,0,54345,"91233A",181
37893246,"driver",,11,100,1,54345,"79001A",181
37893247,"programming",,11,0,0,54345,"79001A",181
37893248,"driver",,12,95,1,54345,"3219D",181
37893249,"programming",,12,0,0,54345,"3219D",181
37893250,"driver",,13,88,3,54345,"88825E",181
37893251,"programming",,13,0,0,54345,"88825E",181
37893252,"driver",,14,85,1,54345,"91233S",181
37893253,"programming",,14,0,0,54345,"91233S",181
37893254,"driver",,15,0,1,54345,"91233X",181
37893255,"programming",,15,79,1,54345,"91233X",181
37893256,"driver",,16,78,2,54345,"9123E",181
37893257,"programming",,16,0,0,54345,"9123E",181
37893258,"driver",,17,67,2,54345,"88825C",181
37893259,"programming",,17,0,0,54345,"88825C",181
37893260,"driver",,18,27,1,54345,"91233C",181
37893261,"programming",,18,0,0,54345,"91233C",181
37893262,"driver",,19,0,1,54345,"9123G",181
37893263,"programming",,19,0,0,54345,"9123G",181
37893210,"driver",,1,189,3,54896,"88Z",181
37893211,"programming",,1,155,3,54896,"88Z",181
37893212,"driver",,2,188,3,54896,"9123C",181
37893213,"programming",,2,155,3,54896,"9123C",181
37893214,"driver",,3,158,3,54896,"9123W",181
37893215,"programming",,3,156,3,54896,"9123W",181
37893216,"driver",,4,194,3,54896,"88X",181
37893217,"programming",,4,116,3,54896,"88X",181
37893218,"driver",,5,161,1,54896,"9123X",181
37893219,"programming",,5,137,2,54896,"9123X",181
37893220,"driver",,6,102,2,54896,"88860B",181
37893221,"programming",,6,105,3,54896,"88860B",181
37893222,"driver",,7,103,1,54896,"9123D",181
37893223,"programming",,7,0,0,54896,"9123D",181
37893224,"driver",,8,50,1,54896,"7925S",181
37893225,"programming",,8,45,1,54896,"7925S",181
39897726,"driver",,1,208,3,55247,"56932A",181
39897727,"programming",,1,162,3,55247,"56932A",181
39897728,"driver",,2,90,3,55247,"33770A",181
39897729,"programming",,2,118,2,55247,"33770A",181
39897730,"driver",,3,119,2,55247,"39372A",181
39897731,"programming",,3,89,1,55247,"39372A",181
39897732,"driver",,4,130,2,55247,"67190A",181
39897733,"programming",,4,56,2,55247,"67190A",181
39897734,"driver",,5,157,2,55247,"99267S",181
39897735,"programming",,5,0,0,55247,"99267S",181
39897736,"driver",,6,123,2,55247,"95256A",181
39897737,"programming",,6,0,0,55247,"95256A",181
39897738,"driver",,7,37,3,55247,"69175A",181
39897739,"programming",,7,43,3,55247,"69175A",181
39897740,"driver",,8,37,1,55247,"59368A",181
39897741,"programming",,8,34,1,55247,"59368A",181
42326410,"driver",,1,207,1,55095,"77761E",181
42326411,"programming",,1,195,1,55095,"77761E",181
42326412,"driver",,2,205,1,55095,"80811A",181
42326413,"programming",,2,193,1,55095,"80811A",181
42326414,"driver",,3,199,1,55095,"49059A",181
42326415,"programming",,3,196,1,55095,"49059A",181
42326416,"driver",,4,190,1,55095,"39372A",181
42326417,"programming",,4,177,1,55095,"39372A",181
42326418,"driver",,5,174,1,55095,"33770A",181
42326419,"programming",,5,189,1,55095,"33770A",181
42326420,"driver",,6,180,1,55095,"67190A",181
42326421,"programming",,6,179,1,55095,"67190A",181
42326422,"driver",,7,175,1,55095,"65753A",181
42326423,"programming",,7,164,1,55095,"65753A",181
42326424,"driver",,8,173,1,55095,"67190B",181
42326425,"programming",,8,163,1,55095,"67190B",181
42326426,"driver",,9,157,1,55095,"69175A",181
42326427,"programming",,9,152,1,55095,"69175A",181
42326428,"driver",,10,160,1,55095,"56932A",181
42326429,"programming",,10,149,1,55095,"56932A",181
42326430,"driver",,11,169,1,55095,"96322A",181
42326431,"programming",,11,138,1,55095,"96322A",181
42326432,"driver",,12,158,1,55095,"78573A",181
42326433,"programming",,12,141,1,55095,"78573A",181
42326434,"driver",,13,147,1,55095,"99267Z",181
42326435,"programming",,13,149,1,55095,"99267Z",181
42326436,"driver",,14,139,1,55095,"66573A",181
42326437,"programming",,14,143,1,55095,"66573A",181
42326438,"driver",,15,141,1,55095,"97758A",181
42326439,"programming",,15,138,1,55095,"97758A",181
42326440,"driver",,16,135,1,55095,"99267W",181
42326441,"programming",,16,141,1,55095,"99267W",181
42326442,"driver",,17,135,1,55095,"99185A",181
42326443,"programming",,17,139,1,55095,"99185A",181
42326444,"driver",,18,138,1,55095,"67719A",181
42326445,"programming",,18,132,1,55095,"67719A",181
42326446,"driver",,19,137,1,55095,"66573B",181
42326447,"programming",,19,130,1,55095,"66573B",181
42326448,"driver",,20,163,1,55095,"69395A",181
42326449,"programming",,20,102,1,55095,"69395A",181
42326450,"driver",,21,153,1,55095,"39372B",181
42326451,"programming",,21,110,1,55095,"39372B",181
42326452,"driver",,22,134,1,55095,"95667A",181
42326453,"programming",,22,124,1,55095,"95667A",181
42326454,"driver",,23,137,1,55095,"21862A",181
42326455,"programming",,23,117,1,55095,"21862A",181
42326456,"driver",,24,97,1,55095,"99267S",181
42326457,"programming",,24,148,1,55095,"99267S",181
42326458,"driver",,25,116,1,55095,"92972A",181
42326459,"programming",,25,128,1,55095,"92972A",181
42326460,"driver",,26,118,1,55095,"23896D",181
42326461,"programming",,26,125,1,55095,"23896D",181
42326462,"driver",,27,122,1,55095,"77761A",181
42326463,"programming",,27,121,1,55095,"77761A",181
42326464,"driver",,28,117,1,55095,"33770B",181
42326465,"programming",,28,121,1,55095,"33770B",181
42326466,"driver",,29,135,1,55095,"77761C",181
42326467,"programming",,29,102,1,55095,"77761C",181
42326468,"driver",,30,121,1,55095,"12978A",181
42326469,"programming",,30,111,1,55095,"12978A",181
42326470,"driver",,31,124,1,55095,"77761B",181
42326471,"programming",,31,104,1,55095,"77761B",181
42326472,"driver",,32,125,1,55095,"66573C",181
42326473,"programming",,32,101,1,55095,"66573C",181
42326474,"driver",,33,105,1,55095,"95256A",181
42326475,"programming",,33,87,1,55095,"95256A",181
42326476,"driver",,34,107,1,55095,"71225A",181
42326477,"programming",,34,78,1,55095,"71225A",181
42326478,"driver",,35,87,1,55095,"55819A",181
42326479,"programming",,35,89,1,55095,"55819A",181
42326480,"driver",,36,132,1,55095,"93665A",181
42326481,"programming",,36,15,1,55095,"93665A",181
42326482,"driver",,37,94,1,55095,"77761D",181
42326483,"programming",,37,47,1,55095,"77761D",181
42326484,"driver",,38,103,1,55095,"59368A",181
42326485,"programming",,38,13,1,55095,"59368A",181
39859740,"driver",,1,138,1,55019,"7984A",181
39859741,"programming",,1,119,1,55019,"7984A",181
39859742,"driver",,2,131,1,55019,"906W",181
39859743,"programming",,2,68,1,55019,"906W",181
39859744,"driver",,3,122,3,55019,"906R",181
39859745,"programming",,3,66,1,55019,"906R",181
39859746,"driver",,4,104,1,55019,"61588E",181
39859747,"programming",,4,81,1,55019,"61588E",181
39859748,"driver",,5,96,2,55019,"906B",181
39859749,"programming",,5,54,2,55019,"906B",181
39859750,"driver",,6,72,2,55019,"10592X",181
39859751,"programming",,6,66,1,55019,"10592X",181
39859752,"driver",,7,87,2,55019,"61588G",181
39859753,"programming",,7,0,0,55019,"61588G",181
39859754,"driver",,8,60,2,55019,"80066A",181
39859755,"programming",,8,0,0,55019,"80066A",181
40169734,"driver",,1,176,3,54825,"18099C",181
40169735,"programming",,1,130,2,54825,"18099C",181
40169736,"driver",,2,173,3,54825,"18099A",181
40169737,"programming",,2,120,2,54825,"18099A",181
40169738,"driver",,3,139,3,54825,"1306A",181
40169739,"programming",,3,140,3,54825,"1306A",181
40169740,"driver",,4,133,1,54825,"28S",181
40169741,"programming",,4,0,0,54825,"28S",181
40169742,"driver",,5,81,1,54825,"81531W",181
40169743,"programming",,5,0,0,54825,"81531W",181
40169744,"driver",,6,70,2,54825,"82838V",181
40169745,"programming",,6,0,0,54825,"82838V",181
40169746,"driver",,7,63,2,54825,"77749C",181
40169747,"programming",,7,0,0,54825,"77749C",181
40169748,"driver",,8,57,1,54825,"1306B",181
40169749,"programming",,8,0,0,54825,"1306B",181
40169750,"driver",,9,27,1,54825,"77749A",181
40169751,"programming",,9,0,0,54825,"77749A",181
39864534,"driver",,1,196,3,54918,"13800Z",181
39864535,"programming",,1,186,3,54918,"13800Z",181
39864536,"driver",,2,194,3,54918,"13800C",181
39864537,"programming",,2,171,3,54918,"13800C",181
39864538,"driver",,3,185,3,54918,"9123A",181
39864539,"programming",,3,173,2,54918,"9123A",181
39864540,"driver",,4,181,3,54918,"7756A",181
39864541,"programming",,4,158,3,54918,"7756A",181
39864542,"driver",,5,196,3,54918,"3219A",181
39864543,"programming",,5,134,3,54918,"3219A",181
39864544,"driver",,6,175,3,54918,"7756Y",181
39864545,"programming",,6,151,3,54918,"7756Y",181
39864546,"driver",,7,179,2,54918,"18555B",181
39864547,"programming",,7,141,2,54918,"18555B",181
39864548,"driver",,8,158,2,54918,"86666X",181
39864549,"programming",,8,156,2,54918,"86666X",181
39864550,"driver",,9,176,2,54918,"18522S",181
39864551,"programming",,9,111,1,54918,"18522S",181
39864552,"driver",,10,166,3,54918,"8193B",181
39864553,"programming",,10,120,3,54918,"8193B",181
39864554,"driver",,11,159,3,54918,"8192C",181
39864555,"programming",,11,126,3,54918,"8192C",181
39864556,"driver",,12,177,3,54918,"8193A",181
39864557,"programming",,12,92,2,54918,"8193A",181
39864558,"driver",,13,137,2,54918,"8192B",181
39864559,"programming",,13,127,3,54918,"8192B",181
39864560,"driver",,14,144,2,54918,"8192A",181
39864561,"programming",,14,94,2,54918,"8192A",181
39864562,"driver",,15,160,2,54918,"51188G",181
39864563,"programming",,15,78,2,54918,"51188G",181
39864564,"driver",,16,155,2,54918,"88825A",181
39864565,"programming",,16,62,2,54918,"88825A",181
39864566,"driver",,17,145,1,54918,"18555A",181
39864567,"programming",,17,63,1,54918,"18555A",181
39864568,"driver",,18,145,3,54918,"91233C",181
39864569,"programming",,18,47,1,54918,"91233C",181
39864570,"driver",,19,93,1,54918,"18526Z",181
39864571,"programming",,19,93,1,54918,"18526Z",181
39864572,"driver",,20,119,2,54918,"8193C",181
39864573,"programming",,20,60,1,54918,"8193C",181
39864574,"driver",,21,103,2,54918,"17004A",181
39864575,"programming",,21,70,2,54918,"17004A",181
39864576,"driver",,22,125,2,54918,"4413A",181
39864577,"programming",,22,19,1,54918,"4413A",181
39864578,"driver",,23,142,3,54918,"51188A",181
39864579,"programming",,23,0,0,54918,"51188A",181
39864580,"driver",,24,82,1,54918,"80119C",181
39864581,"programming",,24,53,1,54918,"80119C",181
39864582,"driver",,25,119,1,54918,"51188D",181
39864583,"programming",,25,0,0,54918,"51188D",181
39864584,"driver",,26,65,1,54918,"80119A",181
39864585,"programming",,26,50,1,54918,"80119A",181
39864586,"driver",,27,109,1,54918,"67190A",181
39864587,"programming",,27,0,0,54918,"67190A",181
39864588,"driver",,28,97,1,54918,"56787K",181
39864589,"programming",,28,0,0,54918,"56787K",181
39864590,"driver",,29,96,1,54918,"56666E",181
39864591,"programming",,29,0,0,54918,"56666E",181
39864592,"driver",,30,94,1,54918,"98060A",181
39864593,"programming",,30,0,0,54918,"98060A",181
39864594,"driver",,31,78,2,54918,"56789A",181
39864595,"programming",,31,0,0,54918,"56789A",181
39864596,"driver",,32,74,1,54918,"57000G",181
39864597,"programming",,32,0,0,54918,"57000G",181
39864598,"driver",,33,72,1,54918,"12366A",181
39864599,"programming",,33,0,0,54918,"12366A",181
39864600,"driver",,34,24,1,54918,"18511A",181
39864601,"programming",,34,37,2,54918,"18511A",181
39864602,"driver",,35,58,1,54918,"51800A",181
39864603,"programming",,35,0,0,54918,"51800A",181
39864604,"driver",,36,55,1,54918,"7937C",181
39864605,"programming",,36,0,0,54918,"7937C",181
39864606,"driver",,37,32,1,54918,"80088C",181
39864607,"programming",,37,12,1,54918,"80088C",181
39864608,"driver",,38,34,1,54918,"7756X",181
39864609,"programming",,38,0,0,54918,"7756X",181
39864610,"driver",,39,20,1,54918,"91233Y",181
39864611,"programming",,39,0,0,54918,"91233Y",181
39333802,"driver",,1,206,3,54919,"9123C",181
39333803,"programming",,1,192,3,54919,"9123C",181
39333804,"driver",,2,204,2,54919,"88X",181
39333805,"programming",,2,177,2,54919,"88X",181
39333806,"driver",,3,185,2,54919,"9123W",181
39333807,"programming",,3,174,2,54919,"9123W",181
39333808,"driver",,4,177,1,54919,"28666A",181
39333809,"programming",,4,168,1,54919,"28666A",181
39333810,"driver",,5,179,3,54919,"8825S",181
39333811,"programming",,5,166,3,54919,"8825S",181
39333812,"driver",,6,164,2,54919,"8331A",181
39333813,"programming",,6,139,2,54919,"8331A",181
39333814,"driver",,7,163,2,54919,"9698B",181
39333815,"programming",,7,121,2,54919,"9698B",181
39333816,"driver",,8,151,2,54919,"82825Y",181
39333817,"programming",,8,127,2,54919,"82825Y",181
39333818,"driver",,9,158,1,54919,"28666B",181
39333819,"programming",,9,116,1,54919,"28666B",181
39333820,"driver",,10,145,2,54919,"1825A",181
39333821,"programming",,10,124,1,54919,"1825A",181
39333822,"driver",,11,128,2,54919,"55777B",181
39333823,"programming",,11,117,1,54919,"55777B",181
39333824,"driver",,12,198,1,54919,"88Z",181
39333825,"programming",,12,42,1,54919,"88Z",181
39333826,"driver",,13,138,3,54919,"546A",181
39333827,"programming",,13,98,3,54919,"546A",181
39333828,"driver",,14,147,2,54919,"7925M",181
39333829,"programming",,14,80,2,54919,"7925M",181
39333830,"driver",,15,137,1,54919,"12315A",181
39333831,"programming",,15,87,1,54919,"12315A",181
39333832,"driver",,16,119,2,54919,"7925X",181
39333833,"programming",,16,100,2,54919,"7925X",181
39333834,"driver",,17,130,3,54919,"18190X",181
39333835,"programming",,17,83,2,54919,"18190X",181
39333836,"driver",,18,131,1,54919,"54001Y",181
39333837,"programming",,18,79,1,54919,"54001Y",181
39333838,"driver",,19,123,3,54919,"8331B",181
39333839,"programming",,19,85,2,54919,"8331B",181
39333840,"driver",,20,154,2,54919,"9416U",181
39333841,"programming",,20,54,2,54919,"9416U",181
39333842,"driver",,21,128,1,54919,"28S",181
39333843,"programming",,21,60,1,54919,"28S",181
39333844,"driver",,22,113,1,54919,"9698S",181
39333845,"programming",,22,29,1,54919,"9698S",181
39333846,"driver",,23,122,1,54919,"69999Z",181
39333847,"programming",,23,9,1,54919,"69999Z",181
39333848,"driver",,24,117,2,54919,"57000A",181
39333849,"programming",,24,0,0,54919,"57000A",181
39333850,"driver",,25,74,1,54919,"7890A",181
39333851,"programming",,25,32,1,54919,"7890A",181
39333852,"driver",,26,102,3,54919,"13312A",181
39333853,"programming",,26,0,0,54919,"13312A",181
39333854,"driver",,27,100,1,54919,"50009Z",181
39333855,"programming",,27,0,0,54919,"50009Z",181
39333856,"driver",,28,82,2,54919,"18190D",181
39333857,"programming",,28,12,1,54919,"18190D",181
39333858,"driver",,29,88,1,54919,"57000Y",181
39333859,"programming",,29,0,0,54919,"57000Y",181
39333860,"driver",,30,77,1,54919,"51121E",181
39333861,"programming",,30,4,1,54919,"51121E",181
39333862,"driver",,31,59,1,54919,"546B",181
39333863,"programming",,31,5,1,54919,"546B",181
39333864,"driver",,32,39,1,54919,"71345K",181
39333865,"programming",,32,0,0,54919,"71345K",181
39333866,"driver",,33,0,0,54919,"25353C",181
39333867,"programming",,33,24,1,54919,"25353C",181
40152626,"driver",,1,160,3,55012,"88825A",181
40152627,"programming",,1,199,3,55012,"88825A",181
40152628,"driver",,2,149,2,55012,"18555B",181
40152629,"programming",,2,134,2,55012,"18555B",181
40152630,"driver",,3,136,2,55012,"8193A",181
40152631,"programming",,3,144,2,55012,"8193A",181
40152632,"driver",,4,125,2,55012,"13258A",181
40152633,"programming",,4,137,2,55012,"13258A",181
40152634,"driver",,5,136,1,55012,"8192C",181
40152635,"programming",,5,119,1,55012,"8192C",181
40152636,"driver",,6,124,2,55012,"8193B",181
40152637,"programming",,6,29,2,55012,"8193B",181
40152638,"driver",,7,50,1,55012,"70123A",181
40152639,"programming",,7,59,1,55012,"70123A",181
40152640,"driver",,8,55,1,55012,"70888A",181
40152641,"programming",,8,43,1,55012,"70888A",181
40152642,"driver",,9,94,1,55012,"21862A",181
40152643,"programming",,9,0,0,55012,"21862A",181
40152644,"driver",,10,76,1,55012,"70123B",181
40152645,"programming",,10,14,1,55012,"70123B",181
40152646,"driver",,11,0,0,55012,"8192A",181
40152647,"programming",,11,83,1,55012,"8192A",181
40152648,"driver",,12,70,1,55012,"70123D",181
40152649,"programming",,12,0,0,55012,"70123D",181
40152650,"driver",,13,59,1,55012,"21102C",181
40152651,"programming",,13,8,1,55012,"21102C",181
40152652,"driver",,14,36,1,55012,"4413A",181
40152653,"programming",,14,0,0,55012,"4413A",181
40152654,"driver",,15,20,1,55012,"88825D",181
40152655,"programming",,15,0,1,55012,"88825D",181
40152656,"driver",,16,0,0,55012,"70123C",181
40152657,"programming",,16,2,1,55012,"70123C",181
40152596,"driver",,1,180,1,55013,"8825S",181
40152597,"programming",,1,195,1,55013,"8825S",181
40152598,"driver",,2,190,3,55013,"9698B",181
40152599,"programming",,2,143,3,55013,"9698B",181
40152600,"driver",,3,178,2,55013,"54001Z",181
40152601,"programming",,3,154,1,55013,"54001Z",181
40152602,"driver",,4,168,2,55013,"54001Y",181
40152603,"programming",,4,144,2,55013,"54001Y",181
40152604,"driver",,5,152,1,55013,"81988E",181
40152605,"programming",,5,151,1,55013,"81988E",181
40152606,"driver",,6,132,1,55013,"7925B",181
40152607,"programming",,6,110,1,55013,"7925B",181
40152608,"driver",,7,157,1,55013,"1306A",181
40152609,"programming",,7,67,1,55013,"1306A",181
40152610,"driver",,8,89,2,55013,"666X",181
40152611,"programming",,8,129,2,55013,"666X",181
40152612,"driver",,9,62,2,55013,"18190A",181
40152613,"programming",,9,111,2,55013,"18190A",181
40152614,"driver",,10,85,2,55013,"71122B",181
40152615,"programming",,10,75,2,55013,"71122B",181
40152616,"driver",,11,125,1,55013,"7258Y",181
40152617,"programming",,11,25,1,55013,"7258Y",181
40152618,"driver",,12,62,1,55013,"54186K",181
40152619,"programming",,12,14,1,55013,"54186K",181
40152620,"driver",,13,42,1,55013,"97917B",181
40152621,"programming",,13,28,1,55013,"97917B",181
40152622,"driver",,14,53,1,55013,"12888A",181
40152623,"programming",,14,0,0,55013,"12888A",181
40152624,"driver",,15,0,1,55013,"12888B",181
40152625,"programming",,15,0,0,55013,"12888B",181
39897344,"driver",,1,208,3,51538,"88X",181
39897345,"programming",,1,162,3,51538,"88X",181
39897346,"driver",,2,205,2,51538,"1306A",181
39897347,"programming",,2,146,3,51538,"1306A",181
39897348,"driver",,3,188,3,51538,"9698B",181
39897349,"programming",,3,159,3,51538,"9698B",181
39897350,"driver",,4,173,3,51538,"8223A",181
39897351,"programming",,4,164,3,51538,"8223A",181
39897352,"driver",,5,213,3,51538,"9123W",181
39897353,"programming",,5,117,3,51538,"9123W",181
39897354,"driver",,6,192,3,51538,"9123C",181
39897355,"programming",,6,135,2,51538,"9123C",181
39897356,"driver",,7,165,3,51538,"81531W",181
39897357,"programming",,7,130,1,51538,"81531W",181
39897358,"driver",,8,148,3,51538,"57000A",181
39897359,"programming",,8,128,3,51538,"57000A",181
39897360,"driver",,9,159,2,51538,"7258Y",181
39897361,"programming",,9,110,2,51538,"7258Y",181
39897362,"driver",,10,127,1,51538,"61588E",181
39897363,"programming",,10,123,1,51538,"61588E",181
39897364,"driver",,11,161,3,51538,"18190D",181
39897365,"programming",,11,88,3,51538,"18190D",181
39897366,"driver",,12,136,2,51538,"58598A",181
39897367,"programming",,12,71,2,51538,"58598A",181
39897368,"driver",,13,151,3,51538,"88613V",181
39897369,"programming",,13,53,3,51538,"88613V",181
39897370,"driver",,14,164,2,51538,"7258D",181
39897371,"programming",,14,0,0,51538,"7258D",181
39897372,"driver",,15,84,2,51538,"10592X",181
39897373,"programming",,15,64,2,51538,"10592X",181
39897374,"driver",,16,83,2,51538,"88613U",181
39897375,"programming",,16,50,1,51538,"88613U",181
39897376,"driver",,17,133,1,51538,"19320Z",181
39897377,"programming",,17,0,0,51538,"19320Z",181
39897378,"driver",,18,126,1,51538,"9123D",181
39897379,"programming",,18,0,0,51538,"9123D",181
39897380,"driver",,19,114,2,51538,"1306C",181
39897381,"programming",,19,0,0,51538,"1306C",181
39897382,"driver",,20,114,1,51538,"77749A",181
39897383,"programming",,20,0,0,51538,"77749A",181
39897384,"driver",,21,112,2,51538,"68762F",181
39897385,"programming",,21,0,0,51538,"68762F",181
39897386,"driver",,22,97,2,51538,"77749B",181
39897387,"programming",,22,0,0,51538,"77749B",181
39897388,"driver",,23,94,1,51538,"18190B",181
39897389,"programming",,23,0,0,51538,"18190B",181
39897390,"driver",,24,73,2,51538,"88518J",181
39897391,"programming",,24,0,0,51538,"88518J",181
39897392,"driver",,25,72,2,51538,"3134G",181
39897393,"programming",,25,0,0,51538,"3134G",181
39897394,"driver",,26,0,0,51538,"1079X",181
39897395,"programming",,26,61,3,51538,"1079X",181
39897396,"driver",,27,49,2,51538,"1079Y",181
39897397,"programming",,27,0,0,51538,"1079Y",181
39897398,"driver",,28,42,2,51538,"63936D",181
39897399,"programming",,28,0,0,51538,"63936D",181
39897400,"driver",,29,25,3,51538,"63936A",181
39897401,"programming",,29,12,1,51538,"63936A",181
39897402,"driver",,30,12,1,51538,"82838V",181
39897403,"programming",,30,0,0,51538,"82838V",181
39897270,"driver",,1,217,3,51750,"3219A",181
39897271,"programming",,1,184,3,51750,"3219A",181
39897272,"driver",,2,218,3,51750,"9123A",181
39897273,"programming",,2,179,3,51750,"9123A",181
39897274,"driver",,3,204,3,51750,"13800Z",181
39897275,"programming",,3,165,3,51750,"13800Z",181
39897276,"driver",,4,201,3,51750,"7756A",181
39897277,"programming",,4,156,3,51750,"7756A",181
39897278,"driver",,5,182,3,51750,"88825H",181
39897279,"programming",,5,168,3,51750,"88825H",181
39897280,"driver",,6,156,1,51750,"88825A",181
39897281,"programming",,6,125,2,51750,"88825A",181
39897282,"driver",,7,158,3,51750,"653Y",181
39897283,"programming",,7,108,3,51750,"653Y",181
39897284,"driver",,8,76,1,51750,"488B",181
39897285,"programming",,8,130,2,51750,"488B",181
39897286,"driver",,9,112,2,51750,"91233X",181
39897287,"programming",,9,78,1,51750,"91233X",181
39897288,"driver",,10,172,1,51750,"7671C",181
39897289,"programming",,10,0,0,51750,"7671C",181
39897290,"driver",,11,171,3,51750,"7671A",181
39897291,"programming",,11,0,0,51750,"7671A",181
39897292,"driver",,12,94,3,51750,"5868E",181
39897293,"programming",,12,64,3,51750,"5868E",181
39897294,"driver",,13,74,2,51750,"96626A",181
39897295,"programming",,13,82,3,51750,"96626A",181
39897296,"driver",,14,97,3,51750,"5868D",181
39897297,"programming",,14,54,3,51750,"5868D",181
39897298,"driver",,15,151,1,51750,"8223C",181
39897299,"programming",,15,0,0,51750,"8223C",181
39897300,"driver",,16,130,1,51750,"66797S",181
39897301,"programming",,16,0,0,51750,"66797S",181
39897302,"driver",,17,121,2,51750,"9123Y",181
39897303,"programming",,17,0,0,51750,"9123Y",181
39897304,"driver",,18,108,1,51750,"9123H",181
39897305,"programming",,18,0,1,51750,"9123H",181
39897306,"driver",,19,42,1,51750,"93211B",181
39897307,"programming",,19,64,1,51750,"93211B",181
39897308,"driver",,20,91,2,51750,"95273A",181
39897309,"programming",,20,0,0,51750,"95273A",181
39897310,"driver",,21,88,1,51750,"71030A",181
39897311,"programming",,21,0,0,51750,"71030A",181
39897312,"driver",,22,85,1,51750,"77749C",181
39897313,"programming",,22,0,0,51750,"77749C",181
39897314,"driver",,23,82,2,51750,"25836B",181
39897315,"programming",,23,0,0,51750,"25836B",181
39897316,"driver",,24,69,1,51750,"1692A",181
39897317,"programming",,24,9,1,51750,"1692A",181
39897318,"driver",,25,65,2,51750,"80088D",181
39897319,"programming",,25,6,2,51750,"80088D",181
39897320,"driver",,26,69,1,51750,"25836A",181
39897321,"programming",,26,0,0,51750,"25836A",181
39897322,"driver",,27,63,3,51750,"96626B",181
39897323,"programming",,27,5,1,51750,"96626B",181
39897324,"driver",,28,68,2,51750,"1796A",181
39897325,"programming",,28,0,0,51750,"1796A",181
39897326,"driver",,29,0,0,51750,"96626C",181
39897327,"programming",,29,67,1,51750,"96626C",181
39897328,"driver",,30,56,3,51750,"50009Y",181
39897329,"programming",,30,9,1,51750,"50009Y",181
39897330,"driver",,31,52,1,51750,"95271C",181
39897331,"programming",,31,0,0,51750,"95271C",181
39897332,"driver",,32,47,3,51750,"79001A",181
39897333,"programming",,32,0,0,51750,"79001A",181
45585666,"driver",,1,203,3,55273,"54009A",181
45585667,"programming",,1,195,2,55273,"54009A",181
45585668,"driver",,2,196,1,55273,"54009B",181
45585669,"programming",,2,189,2,55273,"54009B",181
45585670,"driver",,3,199,2,55273,"54001B",181
45585671,"programming",,3,183,3,55273,"54001B",181
45585672,"driver",,4,200,3,55273,"3219A",181
45585673,"programming",,4,179,3,55273,"3219A",181
45585674,"driver",,5,207,3,55273,"18501A",181
45585675,"programming",,5,167,3,55273,"18501A",181
45585676,"driver",,6,219,3,55273,"9123A",181
45585677,"programming",,6,144,3,55273,"9123A",181
45585678,"driver",,7,182,3,55273,"88825H",181
45585679,"programming",,7,170,3,55273,"88825H",181
45585680,"driver",,8,186,3,55273,"18526Z",181
45585681,"programming",,8,159,3,55273,"18526Z",181
45585682,"driver",,9,201,2,55273,"13141A",181
45585683,"programming",,9,109,3,55273,"13141A",181
45585684,"driver",,10,153,1,55273,"9123Y",181
45585685,"programming",,10,139,1,55273,"9123Y",181
45585686,"driver",,11,156,3,55273,"98985A",181
45585687,"programming",,11,131,2,55273,"98985A",181
45585688,"driver",,12,143,2,55273,"88825B",181
45585689,"programming",,12,139,3,55273,"88825B",181
45585690,"driver",,13,192,1,55273,"18555B",181
45585691,"programming",,13,90,1,55273,"18555B",181
45585692,"driver",,14,136,1,55273,"1388V",181
45585693,"programming",,14,127,1,55273,"1388V",181
45585694,"driver",,15,146,2,55273,"1692A",181
45585695,"programming",,15,100,2,55273,"1692A",181
45585696,"driver",,16,166,2,55273,"18522Z",181
45585697,"programming",,16,74,2,55273,"18522Z",181
45585698,"driver",,17,111,2,55273,"56666H",181
45585699,"programming",,17,108,2,55273,"56666H",181
45585700,"driver",,18,138,1,55273,"7756X",181
45585701,"programming",,18,72,1,55273,"7756X",181
45585702,"driver",,19,137,2,55273,"18522S",181
45585703,"programming",,19,53,1,55273,"18522S",181
45585704,"driver",,20,126,1,55273,"57000G",181
45585705,"programming",,20,56,1,55273,"57000G",181
45585706,"driver",,21,111,2,55273,"17996Y",181
45585707,"programming",,21,47,2,55273,"17996Y",181
45585708,"driver",,22,74,1,55273,"7139C",181
45585709,"programming",,22,83,1,55273,"7139C",181
45585710,"driver",,23,157,3,55273,"665A",181
45585711,"programming",,23,0,1,55273,"665A",181
45585712,"driver",,24,150,3,55273,"692A",181
45585713,"programming",,24,0,2,55273,"692A",181
45585714,"driver",,25,128,2,55273,"8223C",181
45585715,"programming",,25,0,0,55273,"8223C",181
45585716,"driver",,26,122,2,55273,"18511A",181
45585717,"programming",,26,0,0,55273,"18511A",181
45585718,"driver",,27,0,1,55273,"653Y",181
45585719,"programming",,27,120,1,55273,"653Y",181
45585720,"driver",,28,118,2,55273,"18522W",181
45585721,"programming",,28,0,0,55273,"18522W",181
45585722,"driver",,29,67,2,55273,"18599T",181
45585723,"programming",,29,0,0,55273,"18599T",181
45585724,"driver",,30,52,1,55273,"7756A",181
45585725,"programming",,30,0,0,55273,"7756A",181
45585726,"driver",,31,0,0,55273,"56666E",181
45585727,"programming",,31,45,1,55273,"56666E",181
45585728,"driver",,32,42,1,55273,"18522E",181
45585729,"programming",,32,0,0,55273,"18522E",181
45585730,"driver",,33,0,0,55273,"388B",181
45585731,"programming",,33,0,1,55273,"388B",181
45585604,"driver",,1,211,3,55274,"9123C",181
45585605,"programming",,1,216,3,55274,"9123C",181
45585606,"driver",,2,181,2,55274,"81988E",181
45585607,"programming",,2,218,3,55274,"81988E",181
45585608,"driver",,3,173,3,55274,"7925X",181
45585609,"programming",,3,180,3,55274,"7925X",181
45585610,"driver",,4,199,2,55274,"9123W",181
45585611,"programming",,4,147,2,55274,"9123W",181
45585612,"driver",,5,191,3,55274,"666X",181
45585613,"programming",,5,153,3,55274,"666X",181
45585614,"driver",,6,188,2,55274,"8223A",181
45585615,"programming",,6,151,2,55274,"8223A",181
45585616,"driver",,7,179,1,55274,"291J",181
45585617,"programming",,7,157,1,55274,"291J",181
45585618,"driver",,8,193,3,55274,"9698B",181
45585619,"programming",,8,139,1,55274,"9698B",181
45585620,"driver",,9,175,2,55274,"9698V",181
45585621,"programming",,9,145,2,55274,"9698V",181
45585622,"driver",,10,168,1,55274,"9416U",181
45585623,"programming",,10,137,1,55274,"9416U",181
45585624,"driver",,11,144,2,55274,"7925M",181
45585625,"programming",,11,151,2,55274,"7925M",181
45585626,"driver",,12,156,2,55274,"82825Y",181
45585627,"programming",,12,128,2,55274,"82825Y",181
45585628,"driver",,13,164,2,55274,"9698S",181
45585629,"programming",,13,94,2,55274,"9698S",181
45585630,"driver",,14,137,3,55274,"63936C",181
45585631,"programming",,14,92,3,55274,"63936C",181
45585632,"driver",,15,101,1,55274,"81531W",181
45585633,"programming",,15,124,1,55274,"81531W",181
45585634,"driver",,16,188,1,55274,"7258A",181
45585635,"programming",,16,0,0,55274,"7258A",181
45585636,"driver",,17,141,3,55274,"88613V",181
45585637,"programming",,17,38,1,55274,"88613V",181
45585638,"driver",,18,125,2,55274,"11S",181
45585639,"programming",,18,37,1,55274,"11S",181
45585640,"driver",,19,141,1,55274,"71030H",181
45585641,"programming",,19,0,0,55274,"71030H",181
45585642,"driver",,20,101,1,55274,"28S",181
45585643,"programming",,20,35,1,55274,"28S",181
45585644,"driver",,21,70,2,55274,"18190A",181
45585645,"programming",,21,61,1,55274,"18190A",181
45585646,"driver",,22,96,3,55274,"860A",181
45585647,"programming",,22,35,3,55274,"860A",181
45585648,"driver",,23,118,2,55274,"12367Z",181
45585649,"programming",,23,11,1,55274,"12367Z",181
45585650,"driver",,24,111,1,55274,"8331A",181
45585651,"programming",,24,11,1,55274,"8331A",181
45585652,"driver",,25,106,1,55274,"52222B",181
45585653,"programming",,25,0,0,55274,"52222B",181
45585654,"driver",,26,96,1,55274,"18502A",181
45585655,"programming",,26,6,1,55274,"18502A",181
45585656,"driver",,27,68,1,55274,"17996B",181
45585657,"programming",,27,12,1,55274,"17996B",181
45585658,"driver",,28,69,1,55274,"57000A",181
45585659,"programming",,28,9,1,55274,"57000A",181
45585660,"driver",,29,44,1,55274,"546B",181
45585661,"programming",,29,12,1,55274,"546B",181
45585662,"driver",,30,53,1,55274,"492X",181
45585663,"programming",,30,0,0,55274,"492X",181
45585664,"driver",,31,34,1,55274,"71467A",181
45585665,"programming",,31,0,0,55274,"71467A",181
44966538,"driver",,1,189,3,52772,"1294X",181
44966539,"programming",,1,199,2,52772,"1294X",181
44966540,"driver",,2,146,3,52772,"86832C",181
44966541,"programming",,2,95,2,52772,"86832C",181
44966542,"driver",,3,115,3,52772,"45888T",181
44966543,"programming",,3,78,1,52772,"45888T",181
44966544,"driver",,4,109,2,52772,"86832A",181
44966545,"programming",,4,75,1,52772,"86832A",181
44966546,"driver",,5,76,2,52772,"13212B",181
44966547,"programming",,5,102,1,52772,"13212B",181
44966548,"driver",,6,85,3,52772,"1294A",181
44966549,"programming",,6,84,2,52772,"1294A",181
44966550,"driver",,7,94,2,52772,"1294B",181
44966551,"programming",,7,75,1,52772,"1294B",181
44966552,"driver",,8,81,1,52772,"55930C",181
44966553,"programming",,8,73,1,52772,"55930C",181
44966554,"driver",,9,72,3,52772,"55930D",181
44966555,"programming",,9,70,1,52772,"55930D",181
44966556,"driver",,10,74,1,52772,"55930B",181
44966557,"programming",,10,58,3,52772,"55930B",181
44966558,"driver",,11,57,2,52772,"55930A",181
44966559,"programming",,11,61,3,52772,"55930A",181
44966560,"driver",,12,61,2,52772,"82S",181
44966561,"programming",,12,45,3,52772,"82S",181
44966562,"driver",,13,0,0,52772,"45888W",181
44966563,"programming",,13,95,1,52772,"45888W",181
44966564,"driver",,14,64,2,52772,"13212C",181
44966565,"programming",,14,30,1,52772,"13212C",181
44966566,"driver",,15,59,2,52772,"86832B",181
44966567,"programming",,15,26,2,52772,"86832B",181
44966568,"driver",,16,82,1,52772,"45888V",181
44966569,"programming",,16,0,0,52772,"45888V",181
44966570,"driver",,17,0,0,52772,"34844B",181
44966571,"programming",,17,77,2,52772,"34844B",181
44966572,"driver",,18,70,1,52772,"13212A",181
44966573,"programming",,18,0,0,52772,"13212A",181
44966574,"driver",,19,66,1,52772,"1294C",181
44966575,"programming",,19,0,0,52772,"1294C",181
44966576,"driver",,20,45,1,52772,"82X",181
44966577,"programming",,20,0,0,52772,"82X",181
44966578,"driver",,21,42,1,52772,"90317B",181
44966579,"programming",,21,0,0,52772,"90317B",181
44966580,"driver",,22,37,1,52772,"13212D",181
44966581,"programming",,22,0,0,52772,"13212D",181
44966582,"driver",,23,32,1,52772,"34844A",181
44966583,"programming",,23,0,0,52772,"34844A",181
44966584,"driver",,24,25,1,52772,"90317A",181
44966585,"programming",,24,0,0,52772,"90317A",181
44966586,"driver",,25,0,0,52772,"86832D",181
44966587,"programming",,25,0,1,52772,"86832D",181